Top-1 Accuracy,Top-5 Accuracy,Precision,Recall,F1-Score
1.883408071748879,7.26457399103139,1.7025748982925248,5.372073634362703,0.8367550135906898
